{"cameraMode":{"drawMode":0,"name":"Shaded","section":"Shading Mode"},"sceneLighting":true,"audioPlay":false,"sceneViewState":{"m_AlwaysRefresh":false,"showFog":true,"showSkybox":true,"showFlares":true,"showImageEffects":true,"showParticleSystems":true,"showVisualEffectGraphs":true,"m_FxEnabled":true},"in2DMode":false,"pivot":{"x":-150.4730987548828,"y":3.730562686920166,"z":6.571400165557861},"rotation":{"x":-0.018286701291799547,"y":-0.7548491954803467,"z":0.021065562963485719,"w":-0.6552602648735046},"size":3.2730729579925539,"orthographic":true}